location,lat,lon,predicted_yield_tph,predicted_irrigation_need,predicted_irrigation_need_probs,predicted_disease_risk,ndvi,evi,soil_moisture,weather_temp,weather_humidity,pressure,wind_speed,wind_deg
Sirsa,29.5333,75.0167,11.943067925590514,1,"{
  ""predicted_irrigation_need_probs"": [{
    ""label"": ""1"",
    ""prob"": ""0.54869966965684958""
  }, {
    ""label"": ""0"",
    ""prob"": ""0.45130033034315042""
  }]
}",0.4669233015622215,0.12305187423780596,0.12597937578008328,0.28599395751953127,34.26,42,1000,4.92,194
Fatehabad,29.5167,75.45,10.808580903204529,0,"{
  ""predicted_irrigation_need_probs"": [{
    ""label"": ""1"",
    ""prob"": ""0.070367238415586938""
  }, {
    ""label"": ""0"",
    ""prob"": ""0.9296327615844131""
  }]
}",0.37807253978247224,0.075975368212934088,0.077783012514440669,0.30476930406358504,30.7,58,1000,5.3,154
Bathinda,30.2,74.95,10.066080615521864,0,"{
  ""predicted_irrigation_need_probs"": [{
    ""label"": ""1"",
    ""prob"": ""0.20928219722031358""
  }, {
    ""label"": ""0"",
    ""prob"": ""0.7907178027796864""
  }]
}",0.38501049408630544,0.051863534043540716,0.077230279125794069,0.27120911280314125,30.94,54,1000,3.12,138
Moga,30.8,75.1667,10.647814374065911,0,"{
  ""predicted_irrigation_need_probs"": [{
    ""label"": ""1"",
    ""prob"": ""0.02528210809616863""
  }, {
    ""label"": ""0"",
    ""prob"": ""0.9747178919038314""
  }]
}",0.30905953559395866,0.17259068677227155,0.17238433019482788,0.2803098996480306,28.5,66,1000,3.69,140
Hisar,29.1667,75.7167,11.097702107585135,0,"{
  ""predicted_irrigation_need_probs"": [{
    ""label"": ""1"",
    ""prob"": ""0.01224016834847245""
  }, {
    ""label"": ""0"",
    ""prob"": ""0.98775983165152759""
  }]
}",0.30654951589213891,0.1424388043327878,0.15935787463890294,0.30731005138821071,29.22,67,1001,5.09,130
Ludhiana,30.9,75.85,10.358755263249568,0,"{
  ""predicted_irrigation_need_probs"": [{
    ""label"": ""1"",
    ""prob"": ""0.0038659391022191378""
  }, {
    ""label"": ""0"",
    ""prob"": ""0.99613406089778089""
  }]
}",0.24823459200114961,0.12796934466908622,0.11712722465622023,0.31021699905395506,27.6,77,1001,4.51,134
Sangrur,30.2333,75.8333,11.097104055787351,0,"{
  ""predicted_irrigation_need_probs"": [{
    ""label"": ""1"",
    ""prob"": ""0.015044200345410862""
  }, {
    ""label"": ""0"",
    ""prob"": ""0.98495579965458913""
  }]
}",0.28956902925224609,0.15023997158456567,0.15761350496591003,0.32679856618245445,28.89,69,1001,3.28,130
Azamgarh,26.06,83.1861,10.830707302025107,0,"{
  ""predicted_irrigation_need_probs"": [{
    ""label"": ""1"",
    ""prob"": ""0.003960364697002605""
  }, {
    ""label"": ""0"",
    ""prob"": ""0.99603963530299744""
  }]
}",0.2031866935809864,0.14464693089876643,0.159048232067137,0.32146475050184464,28.0,83,1002,2.42,166
Purnia,25.7833,87.4667,13.274383337873957,0,"{
  ""predicted_irrigation_need_probs"": [{
    ""label"": ""1"",
    ""prob"": ""0.022770048268463985""
  }, {
    ""label"": ""0"",
    ""prob"": ""0.977229951731536""
  }]
}",0.20768187246725178,0.28929100763320653,0.33480603567129996,0.37985139422946507,28.16,77,1002,1.71,340
Sitapur,27.5667,80.6833,9.6632797631352609,0,"{
  ""predicted_irrigation_need_probs"": [{
    ""label"": ""1"",
    ""prob"": ""0.00087520081049779531""
  }, {
    ""label"": ""0"",
    ""prob"": ""0.99912479918950226""
  }]
}",0.17202418446712014,0.12337971781722099,0.14408248965479625,0.29665215810139972,26.25,92,1002,1.97,14
Karnal,29.6833,76.9833,9.4701081792776058,0,"{
  ""predicted_irrigation_need_probs"": [{
    ""label"": ""1"",
    ""prob"": ""0.0062618237257539523""
  }, {
    ""label"": ""0"",
    ""prob"": ""0.9937381762742461""
  }]
}",0.20373580867505656,0.05665314897616372,0.066757112952426589,0.31519748899671768,27.03,82,1002,2.21,140
Bankura,23.25,87.0667,14.096003097227062,0,"{
  ""predicted_irrigation_need_probs"": [{
    ""label"": ""1"",
    ""prob"": ""0.013855482974834327""
  }, {
    ""label"": ""0"",
    ""prob"": ""0.9861445170251657""
  }]
}",0.24609580321692709,0.40127569990890755,0.40880869057611458,0.37095192803276911,28.52,76,1002,2.98,183
Gaya,24.7833,85.0,11.107980317456004,0,"{
  ""predicted_irrigation_need_probs"": [{
    ""label"": ""1"",
    ""prob"": ""0.043553889894634219""
  }, {
    ""label"": ""0"",
    ""prob"": ""0.95644611010536573""
  }]
}",0.25956466029598091,0.14157251235715329,0.14955841668981534,0.34304891162448459,29.07,70,1002,0.89,181
Murshidabad,24.1833,88.2667,14.082132786269028,0,"{
  ""predicted_irrigation_need_probs"": [{
    ""label"": ""1"",
    ""prob"": ""0.0026360559014623392""
  }, {
    ""label"": ""0"",
    ""prob"": ""0.99736394409853768""
  }]
}",0.19936831317320788,0.36510689560049464,0.42662349454038012,0.39040959676106773,27.75,86,1002,2.73,188
Delhi,28.6667,77.2167,12.193991228329093,0,"{
  ""predicted_irrigation_need_probs"": [{
    ""label"": ""1"",
    ""prob"": ""0.021408064954763488""
  }, {
    ""label"": ""0"",
    ""prob"": ""0.97859193504523656""
  }]
}",0.25682012767198631,0.32166532782771462,0.36043261770303059,0.27682503594292535,28.19,70,1002,3.96,165
Kurukshetra,29.9694,76.8483,10.360856898879662,0,"{
  ""predicted_irrigation_need_probs"": [{
    ""label"": ""1"",
    ""prob"": ""0.00096896610780085812""
  }, {
    ""label"": ""0"",
    ""prob"": ""0.99903103389219916""
  }]
}",0.16808661010066883,0.1621344594706953,0.1770705336052972,0.31768350601196288,26.09,89,1002,2.95,110
Malda,25.0057,88.1398,12.36272299508737,0,"{
  ""predicted_irrigation_need_probs"": [{
    ""label"": ""1"",
    ""prob"": ""0.018835111161577735""
  }, {
    ""label"": ""0"",
    ""prob"": ""0.98116488883842223""
  }]
}",0.21753926789603859,0.18982388551642085,0.19423309434241953,0.3902626143561469,28.85,81,1002,1.32,269
Alwar,27.5667,76.6,10.866631733927552,0,"{
  ""predicted_irrigation_need_probs"": [{
    ""label"": ""1"",
    ""prob"": ""0.023612868320080624""
  }, {
    ""label"": ""0"",
    ""prob"": ""0.97638713167991942""
  }]
}",0.25441166834844264,0.15966178801079706,0.15928314769009377,0.335463809967041,28.76,72,1002,0.42,111
Leh,34.1667,77.5833,4.2261431743684916,0,"{
  ""predicted_irrigation_need_probs"": [{
    ""label"": ""1"",
    ""prob"": ""0.2244073511424387""
  }, {
    ""label"": ""0"",
    ""prob"": ""0.7755926488575613""
  }]
}",0.25501440005071191,0.19890046961513161,0.19295997619628907,0.13843488693237305,20.27,38,1002,2.36,344
Patiala,30.3267,76.4003,10.103215840128923,0,"{
  ""predicted_irrigation_need_probs"": [{
    ""label"": ""1"",
    ""prob"": ""0.0015008112672406915""
  }, {
    ""label"": ""0"",
    ""prob"": ""0.99849918873275934""
  }]
}",0.19797480491637104,0.10422683628353377,0.1102287933997983,0.32254106733534071,26.76,85,1002,4.15,117
Dhubri,26.0333,89.9667,9.79404932951652,0,"{
  ""predicted_irrigation_need_probs"": [{
    ""label"": ""1"",
    ""prob"": ""0.006340989441277727""
  }, {
    ""label"": ""0"",
    ""prob"": ""0.9936590105587223""
  }]
}",0.19826187323090627,0.018056430687586344,0.02024734412485869,0.34793331358167862,27.03,89,1002,3.63,182
Barpeta,26.3167,91.0,14.440879291641615,0,"{
  ""predicted_irrigation_need_probs"": [{
    ""label"": ""1"",
    ""prob"": ""0.0027576583950002778""
  }, {
    ""label"": ""0"",
    ""prob"": ""0.99724234160499969""
  }]
}",0.15959052074383134,0.42677638557615755,0.4445310456764115,0.39572929806179469,27.16,87,1002,1.85,294
Barabanki,26.9274,81.1948,9.6611491687793585,0,"{
  ""predicted_irrigation_need_probs"": [{
    ""label"": ""1"",
    ""prob"": ""0.00047640043325028681""
  }, {
    ""label"": ""0"",
    ""prob"": ""0.99952359956674974""
  }]
}",0.16031806472810994,0.11527514997739555,0.12182283288833669,0.30062410566541886,26.26,94,1002,2.68,37
Haridwar,29.9667,78.1667,11.162900007205922,0,"{
  ""predicted_irrigation_need_probs"": [{
    ""label"": ""1"",
    ""prob"": ""0.0003504823753306079""
  }, {
    ""label"": ""0"",
    ""prob"": ""0.99964951762466936""
  }]
}",0.097907623702973248,0.34612547261699911,0.3407934986811747,0.3247603310479058,23.93,96,1003,0.56,30
Nagaon,26.3482,92.6858,12.101552928254868,0,"{
  ""predicted_irrigation_need_probs"": [{
    ""label"": ""1"",
    ""prob"": ""0.000858520531008925""
  }, {
    ""label"": ""0"",
    ""prob"": ""0.99914147946899112""
  }]
}",0.14268458752818847,0.13693272361776643,0.12471496296441979,0.46906194686889646,26.73,91,1003,0.97,178
Golaghat,26.5167,93.9667,14.361159370595672,0,"{
  ""predicted_irrigation_need_probs"": [{
    ""label"": ""1"",
    ""prob"": ""0.00027759868237274348""
  }, {
    ""label"": ""0"",
    ""prob"": ""0.99972240131762724""
  }]
}",0.06851651405754039,0.40854391067121504,0.37322045314198571,0.46809462441338434,25.53,96,1003,0.54,324
Madhubani,26.3667,86.0833,13.50160111498672,0,"{
  ""predicted_irrigation_need_probs"": [{
    ""label"": ""1"",
    ""prob"": ""0.015854031667170733""
  }, {
    ""label"": ""0"",
    ""prob"": ""0.9841459683328293""
  }]
}",0.1613544985831723,0.39596619272701966,0.45862855264255165,0.31691153844197589,28.24,79,1003,1.15,358
Bilaspur,22.0833,82.15,11.36110115090792,0,"{
  ""predicted_irrigation_need_probs"": [{
    ""label"": ""1"",
    ""prob"": ""0.021962188181781063""
  }, {
    ""label"": ""0"",
    ""prob"": ""0.97803781181821892""
  }]
}",0.20118666575307842,0.17731958842072276,0.18469798723441361,0.36564814249674477,27.51,73,1003,1.85,290
puri,19.8,85.85,10.521988888414423,0,"{
  ""predicted_irrigation_need_probs"": [{
    ""label"": ""1"",
    ""prob"": ""0.00204013283657373""
  }, {
    ""label"": ""0"",
    ""prob"": ""0.99795986716342622""
  }]
}",0.18219655195668927,,,,28.87,84,1003,3.84,228
Bargarh,21.3333,83.6167,13.23588477724382,0,"{
  ""predicted_irrigation_need_probs"": [{
    ""label"": ""1"",
    ""prob"": ""0.00694099780759789""
  }, {
    ""label"": ""0"",
    ""prob"": ""0.99305900219240206""
  }]
}",0.21090807721910218,0.2707297737397264,0.28621201888344044,0.44750941594441734,27.29,71,1003,1.58,221
Dimapur,25.9,93.7333,13.614010233306235,0,"{
  ""predicted_irrigation_need_probs"": [{
    ""label"": ""1"",
    ""prob"": ""9.4495340105927886e-05""
  }, {
    ""label"": ""0"",
    ""prob"": ""0.999905504659894""
  }]
}",0.10856500480458815,0.3892106144955555,0.34444625835562231,0.47230446073744031,24.88,98,1003,0.52,30
Rohtas,24.6343,83.964,11.904534407584526,0,"{
  ""predicted_irrigation_need_probs"": [{
    ""label"": ""1"",
    ""prob"": ""0.024814491599426794""
  }, {
    ""label"": ""0"",
    ""prob"": ""0.97518550840057316""
  }]
}",0.21183825028444389,0.25837203197451819,0.23756011143337905,0.33988030751546222,27.94,73,1003,2.02,231
bhubaneswar,20.2333,85.8333,10.107320832832514,0,"{
  ""predicted_irrigation_need_probs"": [{
    ""label"": ""1"",
    ""prob"": ""0.003266519347992625""
  }, {
    ""label"": ""0"",
    ""prob"": ""0.9967334806520074""
  }]
}",0.1667707578695036,,,,28.17,83,1003,1.8,218
Bijnor,29.3667,78.1333,9.5722255672341632,0,"{
  ""predicted_irrigation_need_probs"": [{
    ""label"": ""1"",
    ""prob"": ""0.0012785740289583082""
  }, {
    ""label"": ""0"",
    ""prob"": ""0.99872142597104174""
  }]
}",0.12164617443072592,0.0968566355942098,0.10769494035169605,0.32768243153889975,25.45,94,1003,1.54,141
Simdega,22.6167,84.5167,12.436772912506978,0,"{
  ""predicted_irrigation_need_probs"": [{
    ""label"": ""1"",
    ""prob"": ""0.012293121664042568""
  }, {
    ""label"": ""0"",
    ""prob"": ""0.98770687833595738""
  }]
}",0.14543317919123608,0.36313650941435943,0.34384408493142721,0.36742582321166994,25.6,77,1004,1.45,273
Khammam,17.25,80.15,11.139257350711752,0,"{
  ""predicted_irrigation_need_probs"": [{
    ""label"": ""1"",
    ""prob"": ""0.0019923325170582823""
  }, {
    ""label"": ""0"",
    ""prob"": ""0.99800766748294167""
  }]
}",0.11001589741204428,0.25291831801876635,0.25463571088701742,0.30892051060994469,26.36,84,1004,3.33,318
Dhamtari,20.7072,81.5497,11.858905342454088,0,"{
  ""predicted_irrigation_need_probs"": [{
    ""label"": ""1"",
    ""prob"": ""0.0026338379588779089""
  }, {
    ""label"": ""0"",
    ""prob"": ""0.997366162041122""
  }]
}",0.11851891320928783,0.33480392208781917,0.35768527547975337,0.33428671095106338,25.2,84,1004,2.55,241
Jabalpur,23.167,79.9501,11.6485316892589,0,"{
  ""predicted_irrigation_need_probs"": [{
    ""label"": ""1"",
    ""prob"": ""0.00014892399493794943""
  }, {
    ""label"": ""0"",
    ""prob"": ""0.99985107600506207""
  }]
}",0.063999443181675525,0.23019244211302864,0.23444658102102467,0.42349891662597655,24.46,92,1004,2.01,270
Udhampur,32.9333,75.1333,11.133345963517179,0,"{
  ""predicted_irrigation_need_probs"": [{
    ""label"": ""1"",
    ""prob"": ""0.00026042301243936461""
  }, {
    ""label"": ""0"",
    ""prob"": ""0.99973957698756066""
  }]
}",0.10318766488234657,0.32586113576419962,0.29739037688310449,0.34189282523261177,24.86,89,1004,1.59,94
Guntur,16.3,80.45,11.614327670768887,0,"{
  ""predicted_irrigation_need_probs"": [{
    ""label"": ""1"",
    ""prob"": ""0.0038098823338766205""
  }, {
    ""label"": ""0"",
    ""prob"": ""0.99619011766612342""
  }]
}",0.19087953822665749,0.16109269907011733,0.17765642753811775,0.3552724414401584,28.79,70,1004,4.39,299
Kota,25.1833,75.8333,11.964191636805268,0,"{
  ""predicted_irrigation_need_probs"": [{
    ""label"": ""1"",
    ""prob"": ""0.0034024426943626875""
  }, {
    ""label"": ""0"",
    ""prob"": ""0.99659755730563726""
  }]
}",0.21904463620169062,0.13349358633517344,0.13683170904064373,0.42339524163140191,28.3,66,1004,4.88,246
Anantnag,33.7333,75.15,9.3460006710808319,0,"{
  ""predicted_irrigation_need_probs"": [{
    ""label"": ""1"",
    ""prob"": ""0.0013536179480505587""
  }, {
    ""label"": ""0"",
    ""prob"": ""0.99864638205194944""
  }]
}",0.12852859909509759,0.24103828491216603,0.22513273529176622,0.35651792950100369,22.41,79,1004,1.43,115
Raipur,21.2333,81.6333,11.4177281080207,0,"{
  ""predicted_irrigation_need_probs"": [{
    ""label"": ""1"",
    ""prob"": ""0.010956303579349487""
  }, {
    ""label"": ""0"",
    ""prob"": ""0.98904369642065049""
  }]
}",0.17895176364372362,0.21223590676055479,0.20397650644041446,0.35322712792290584,27.48,75,1004,2.74,261
Ranchi,23.35,85.3333,12.616347001418251,0,"{
  ""predicted_irrigation_need_probs"": [{
    ""label"": ""1"",
    ""prob"": ""0.0053767816280894994""
  }, {
    ""label"": ""0"",
    ""prob"": ""0.99462321837191048""
  }]
}",0.13721017086452303,0.39173282957375788,0.38496719788324946,0.38012219534979924,24.66,78,1004,2.16,251
Kangra,32.1,76.2667,11.78063698571783,0,"{
  ""predicted_irrigation_need_probs"": [{
    ""label"": ""1"",
    ""prob"": ""0.00053560311136262968""
  }, {
    ""label"": ""0"",
    ""prob"": ""0.99946439688863742""
  }]
}",0.10102717878760945,0.45451608954622752,0.38647543369163817,0.300034311082628,24.47,89,1004,2.18,81
Hazaribagh,23.9833,85.35,12.997798521544212,0,"{
  ""predicted_irrigation_need_probs"": [{
    ""label"": ""1"",
    ""prob"": ""0.0075895035684517423""
  }, {
    ""label"": ""0"",
    ""prob"": ""0.99241049643154822""
  }]
}",0.11573366361356696,0.42330978481166404,0.45664833406669891,0.37273891237046985,24.89,79,1004,0.52,313
Baran,25.1,76.5167,11.440189273510647,0,"{
  ""predicted_irrigation_need_probs"": [{
    ""label"": ""1"",
    ""prob"": ""0.0018516983302650954""
  }, {
    ""label"": ""0"",
    ""prob"": ""0.99814830166973489""
  }]
}",0.1794635445562478,0.11531802928037797,0.12138223710729795,0.42074171702067059,27.41,74,1004,3.83,236
Tripura,24.0,92.0,8.9881024422900442,0,"{
  ""predicted_irrigation_need_probs"": [{
    ""label"": ""1"",
    ""prob"": ""0.00018816513504965664""
  }, {
    ""label"": ""0"",
    ""prob"": ""0.99981183486495029""
  }]
}",0.040499939449009273,,,,24.49,99,1004,1.25,185
Malkangiri,18.35,81.9,12.117361201444936,0,"{
  ""predicted_irrigation_need_probs"": [{
    ""label"": ""1"",
    ""prob"": ""0.00088364164644611051""
  }, {
    ""label"": ""0"",
    ""prob"": ""0.99911635835355384""
  }]
}",0.084207207792930075,0.35319376365189958,0.3582512012302046,0.36217847400241426,25.06,91,1004,0.52,206
Gumla,23.05,84.55,12.506223804051627,0,"{
  ""predicted_irrigation_need_probs"": [{
    ""label"": ""1"",
    ""prob"": ""0.00370713883316499""
  }, {
    ""label"": ""0"",
    ""prob"": ""0.996292861166835""
  }]
}",0.12120638775517789,0.37597692009534017,0.38986136205544764,0.3815269152323405,24.37,81,1004,1.97,266
Kargil,34.5667,76.1,3.6763416073884585,0,"{
  ""predicted_irrigation_need_probs"": [{
    ""label"": ""1"",
    ""prob"": ""0.0045454130919604912""
  }, {
    ""label"": ""0"",
    ""prob"": ""0.99545458690803956""
  }]
}",0.10873629283116522,0.081243300466877486,0.073922372420616153,0.23054572211371527,16.33,57,1005,4.29,241
Karimnagar,18.4333,79.15,9.4527651326892883,0,"{
  ""predicted_irrigation_need_probs"": [{
    ""label"": ""1"",
    ""prob"": ""0.0022598601729622255""
  }, {
    ""label"": ""0"",
    ""prob"": ""0.9977401398270378""
  }]
}",0.08119204595433252,0.14150827078326014,0.14870229742082744,0.30134775373670791,24.93,85,1005,2.98,298
Surendranagar,22.7,71.6833,12.144631833433039,0,"{
  ""predicted_irrigation_need_probs"": [{
    ""label"": ""1"",
    ""prob"": ""0.0050102563176289243""
  }, {
    ""label"": ""0"",
    ""prob"": ""0.994989743682371""
  }]
}",0.20192873750739482,0.185517081318227,0.17074965675443946,0.3973552915785048,27.95,67,1005,5.7,246
Lunglei,22.8833,92.7333,8.1311100388564128,0,"{
  ""predicted_irrigation_need_probs"": [{
    ""label"": ""1"",
    ""prob"": ""0.00011127290486271862""
  }, {
    ""label"": ""0"",
    ""prob"": ""0.99988872709513732""
  }]
}",0.0054923935333027335,,,,22.16,98,1005,0.28,86
Nagpur,21.15,79.1,10.215270512053246,0,"{
  ""predicted_irrigation_need_probs"": [{
    ""label"": ""1"",
    ""prob"": ""0.0015973116044291746""
  }, {
    ""label"": ""0"",
    ""prob"": ""0.99840268839557078""
  }]
}",0.0914070521176214,0.086363014604628432,0.087061952356063177,0.40410827000935873,25.06,82,1005,2.54,325
Warangal,18.0,79.5833,11.334819445402767,0,"{
  ""predicted_irrigation_need_probs"": [{
    ""label"": ""1"",
    ""prob"": ""0.0010700607388107635""
  }, {
    ""label"": ""0"",
    ""prob"": ""0.99892993926118923""
  }]
}",0.068082078981963126,0.29686699442844267,0.30432268262034345,0.32541402180989581,25.24,86,1005,2.5,311
Aizawl,23.7333,92.7167,10.698053585906724,0,"{
  ""predicted_irrigation_need_probs"": [{
    ""label"": ""1"",
    ""prob"": ""0.0005448045763326734""
  }, {
    ""label"": ""0"",
    ""prob"": ""0.99945519542366734""
  }]
}",0.039144127413140356,0.18047713894221998,0.28270668944194349,0.41890869140625,22.43,98,1005,0.28,188
Hoshangabad,22.75,77.7167,9.8739825447865659,0,"{
  ""predicted_irrigation_need_probs"": [{
    ""label"": ""1"",
    ""prob"": ""0.002046245445974669""
  }, {
    ""label"": ""0"",
    ""prob"": ""0.99795375455402535""
  }]
}",0.081869483997290382,0.14839884290021363,0.15443386798931735,0.33305765787760416,25.21,87,1005,1.8,269
Kanker,20.2719,81.4931,10.776770317174345,0,"{
  ""predicted_irrigation_need_probs"": [{
    ""label"": ""1"",
    ""prob"": ""0.0013737085508980361""
  }, {
    ""label"": ""0"",
    ""prob"": ""0.998626291449102""
  }]
}",0.074595141042077873,0.24495388864796264,0.25590958324140689,0.35243303510877821,24.25,89,1005,1.84,229
Thoubal,24.6333,94.0167,8.2183585488578785,0,"{
  ""predicted_irrigation_need_probs"": [{
    ""label"": ""1"",
    ""prob"": ""0.00030442996232043384""
  }, {
    ""label"": ""0"",
    ""prob"": ""0.99969557003767962""
  }]
}",-0.0068717428266614061,,,,22.02,94,1005,0.21,233
Vidisha,23.5333,77.8167,10.599853420981791,0,"{
  ""predicted_irrigation_need_probs"": [{
    ""label"": ""1"",
    ""prob"": ""0.00036762291084843055""
  }, {
    ""label"": ""0"",
    ""prob"": ""0.99963237708915154""
  }]
}",0.077679336812153943,0.12153302367522531,0.12435820893502555,0.42272058063083223,24.68,87,1005,2.9,261
Mokokchung,26.3333,94.5333,13.390796111023711,0,"{
  ""predicted_irrigation_need_probs"": [{
    ""label"": ""1"",
    ""prob"": ""4.62420215937495e-05""
  }, {
    ""label"": ""0"",
    ""prob"": ""0.99995375797840624""
  }]
}",0.0045713297001504644,0.48870821984808221,0.40949689425044289,0.47553647359212242,21.65,99,1005,0.89,166
Nellore,14.4333,79.9667,8.5324422347800919,0,"{
  ""predicted_irrigation_need_probs"": [{
    ""label"": ""1"",
    ""prob"": ""0.060000491827841375""
  }, {
    ""label"": ""0"",
    ""prob"": ""0.9399995081721586""
  }]
}",0.16979149137648702,0.16006342400187409,0.1570599602993564,0.16340436935424804,27.85,66,1005,2.56,245
Mandi,31.7167,76.9167,7.7496694892667675,0,"{
  ""predicted_irrigation_need_probs"": [{
    ""label"": ""1"",
    ""prob"": ""7.2830983484805943e-05""
  }, {
    ""label"": ""0"",
    ""prob"": ""0.99992716901651524""
  }]
}",-0.040830480688939866,,,,20.49,98,1006,1.15,136
Chhindwara,22.0667,78.9333,10.843899652500271,0,"{
  ""predicted_irrigation_need_probs"": [{
    ""label"": ""1"",
    ""prob"": ""0.00028075602595853215""
  }, {
    ""label"": ""0"",
    ""prob"": ""0.99971924397404144""
  }]
}",0.020662225267276804,0.22126971298315659,0.21500313342453675,0.41728294160630969,22.96,89,1006,2.31,309
Nizamabad,18.6667,78.1167,11.191351320441434,0,"{
  ""predicted_irrigation_need_probs"": [{
    ""label"": ""1"",
    ""prob"": ""0.00013423792065582346""
  }, {
    ""label"": ""0"",
    ""prob"": ""0.99986576207934419""
  }]
}",0.035038927719649726,0.18626384280203767,0.21085521707151372,0.43636655807495117,23.91,90,1006,2.29,245
Almora,29.6167,79.6667,10.751934231072878,0,"{
  ""predicted_irrigation_need_probs"": [{
    ""label"": ""1"",
    ""prob"": ""7.1379744298329236e-05""
  }, {
    ""label"": ""0"",
    ""prob"": ""0.99992862025570162""
  }]
}",-0.0016836312093643779,0.25842698390357616,0.31578640780367373,0.43852806091308594,21.21,99,1006,0.65,153
Nainital,29.3974,79.4469,7.9598496811341208,0,"{
  ""predicted_irrigation_need_probs"": [{
    ""label"": ""1"",
    ""prob"": ""9.0090081098966887e-06""
  }, {
    ""label"": ""0"",
    ""prob"": ""0.99999099099189015""
  }]
}",-0.12525091470686417,,,0.46461933983696829,12.59,97,1006,0.52,164
Villupuram,11.9312,79.4751,9.69282986161708,0,"{
  ""predicted_irrigation_need_probs"": [{
    ""label"": ""1"",
    ""prob"": ""0.0046612633862749544""
  }, {
    ""label"": ""0"",
    ""prob"": ""0.99533873661372507""
  }]
}",0.1040842562211635,,,,26.82,78,1006,2.49,271
Banswara,23.55,74.45,11.058811799691075,0,"{
  ""predicted_irrigation_need_probs"": [{
    ""label"": ""1"",
    ""prob"": ""0.0025673813551413014""
  }, {
    ""label"": ""0"",
    ""prob"": ""0.99743261864485866""
  }]
}",0.14964958347522564,0.094808403248608134,0.10709236160249416,0.42271422280205623,26.51,75,1006,4.91,225
Churachandpur,24.3333,93.6667,7.787671014082779,0,"{
  ""predicted_irrigation_need_probs"": [{
    ""label"": ""1"",
    ""prob"": ""0.00011892993221337504""
  }, {
    ""label"": ""0"",
    ""prob"": ""0.99988107006778659""
  }]
}",-0.061292996734717567,,,,20.2,97,1006,1.01,256
Solan,30.9167,77.1167,10.744473945959308,0,"{
  ""predicted_irrigation_need_probs"": [{
    ""label"": ""1"",
    ""prob"": ""0.00026198530028580621""
  }, {
    ""label"": ""0"",
    ""prob"": ""0.99973801469971424""
  }]
}",-0.0460843841011931,0.39333982669889433,0.43028288039933149,0.34808530807495119,19.76,93,1006,1.23,357
Imphal,24.8167,93.95,8.10556302036846,0,"{
  ""predicted_irrigation_need_probs"": [{
    ""label"": ""1"",
    ""prob"": ""0.00026366125595920305""
  }, {
    ""label"": ""0"",
    ""prob"": ""0.99973633874404078""
  }]
}",-0.050940580654653247,,,,21.27,95,1006,0.69,317
Shimla,31.1,77.1667,7.9769241646053839,0,"{
  ""predicted_irrigation_need_probs"": [{
    ""label"": ""1"",
    ""prob"": ""5.28493901898705e-05""
  }, {
    ""label"": ""0"",
    ""prob"": ""0.9999471506098101""
  }]
}",-0.091660662155193182,0.10938027318424839,0.17576314218327252,0.44193893008761936,16.1,97,1006,0.79,345
Rajkot,22.3,70.7833,10.382106103709852,0,"{
  ""predicted_irrigation_need_probs"": [{
    ""label"": ""1"",
    ""prob"": ""0.0023213596255774066""
  }, {
    ""label"": ""0"",
    ""prob"": ""0.99767864037442255""
  }]
}",0.13520057057671198,0.056878561900995175,0.067312614580400873,0.40076523886786569,26.15,77,1006,4.85,226
Baramulla,34.2087,74.3435,8.3354114861523936,0,"{
  ""predicted_irrigation_need_probs"": [{
    ""label"": ""1"",
    ""prob"": ""0.00104099985324504""
  }, {
    ""label"": ""0"",
    ""prob"": ""0.998959000146755""
  }]
}",0.0633801891189066,0.1770154676607999,0.14131181193537648,0.35145788192749022,21.39,81,1006,2.91,234
Koraput,18.8167,82.7167,10.693355073533619,0,"{
  ""predicted_irrigation_need_probs"": [{
    ""label"": ""1"",
    ""prob"": ""0.00098156793505273145""
  }, {
    ""label"": ""0"",
    ""prob"": ""0.99901843206494723""
  }]
}",0.024186706350477039,0.25885167302075235,0.30923119099844187,0.39362132814195422,22.0,90,1006,1.19,281
Sehore,23.2,77.0833,10.548045431675011,0,"{
  ""predicted_irrigation_need_probs"": [{
    ""label"": ""1"",
    ""prob"": ""0.0002825418107576453""
  }, {
    ""label"": ""0"",
    ""prob"": ""0.9997174581892424""
  }]
}",0.041623716209643224,0.1493963605487405,0.15741769002135431,0.41566879484388564,23.98,89,1006,3.07,273
Diu,20.7141,70.9822,9.4255571912454865,0,"{
  ""predicted_irrigation_need_probs"": [{
    ""label"": ""1"",
    ""prob"": ""0.0014750621529386024""
  }, {
    ""label"": ""0"",
    ""prob"": ""0.99852493784706142""
  }]
}",0.068672225037670523,0.178310223380241,0.18003566458454906,,26.45,84,1007,3.55,246
Krishna,16.4104,77.3325,9.6676848378369513,0,"{
  ""predicted_irrigation_need_probs"": [{
    ""label"": ""1"",
    ""prob"": ""0.00232720896437492""
  }, {
    ""label"": ""0"",
    ""prob"": ""0.99767279103562512""
  }]
}",0.096804248701627238,,,,25.77,75,1007,6.06,280
Kohima,25.6667,94.1167,13.429613863038785,0,"{
  ""predicted_irrigation_need_probs"": [{
    ""label"": ""1"",
    ""prob"": ""3.6856822685336874e-05""
  }, {
    ""label"": ""0"",
    ""prob"": ""0.99996314317731472""
  }]
}",-0.062393526417264131,0.55863599638397943,0.492448323665077,0.47746570375230579,20.02,98,1007,0.67,235
Junagadh,21.5167,70.4667,9.22482797233365,0,"{
  ""predicted_irrigation_need_probs"": [{
    ""label"": ""1"",
    ""prob"": ""0.0015599887292169876""
  }, {
    ""label"": ""0"",
    ""prob"": ""0.998440011270783""
  }]
}",0.053162347037797424,,,,25.62,84,1007,1.97,216
Raichur,16.2,77.3667,9.5235811008368909,0,"{
  ""predicted_irrigation_need_probs"": [{
    ""label"": ""1"",
    ""prob"": ""0.0023677704318822495""
  }, {
    ""label"": ""0"",
    ""prob"": ""0.9976322295681177""
  }]
}",0.0928931185468081,,,,25.26,74,1007,6.09,282
Anantapur,14.6833,77.6,8.7013926390823215,0,"{
  ""predicted_irrigation_need_probs"": [{
    ""label"": ""1"",
    ""prob"": ""0.0036063427687910285""
  }, {
    ""label"": ""0"",
    ""prob"": ""0.996393657231209""
  }]
}",0.11126605482615581,0.099721172843788689,0.11801426413420003,0.2531640158759223,25.09,77,1007,7.92,267
Jalgaon,21.0167,75.5667,9.5212217213512069,0,"{
  ""predicted_irrigation_need_probs"": [{
    ""label"": ""1"",
    ""prob"": ""0.0079375009711983874""
  }, {
    ""label"": ""0"",
    ""prob"": ""0.99206249902880161""
  }]
}",0.10083241734179538,,,,26.07,71,1007,3.81,295
Thanjavur,10.8,79.15,10.566426734706226,0,"{
  ""predicted_irrigation_need_probs"": [{
    ""label"": ""1"",
    ""prob"": ""0.0067534463089698026""
  }, {
    ""label"": ""0"",
    ""prob"": ""0.99324655369103021""
  }]
}",0.07648039056669606,0.404806386562232,0.39989445842753274,0.16452184253268773,26.41,76,1007,3.94,266
Silvassa,20.2667,73.0167,12.14838151264431,0,"{
  ""predicted_irrigation_need_probs"": [{
    ""label"": ""1"",
    ""prob"": ""0.00072910813806524718""
  }, {
    ""label"": ""0"",
    ""prob"": ""0.99927089186193474""
  }]
}",0.055939797110711884,0.23114958797207377,0.21528899757392927,0.45966490639580621,24.98,90,1007,2.16,190
Daman,20.4167,72.85,11.084093092936481,0,"{
  ""predicted_irrigation_need_probs"": [{
    ""label"": ""1"",
    ""prob"": ""0.00056464110155982127""
  }, {
    ""label"": ""0"",
    ""prob"": ""0.99943535889844015""
  }]
}",0.070100480517265126,0.33841465956241695,0.31896553008720741,,26.53,85,1007,5.18,231
Mahbubnagar,16.7333,77.9833,9.4499794677751066,0,"{
  ""predicted_irrigation_need_probs"": [{
    ""label"": ""1"",
    ""prob"": ""0.00168699305808684""
  }, {
    ""label"": ""0"",
    ""prob"": ""0.99831300694191316""
  }]
}",0.043907399669489658,0.13254963613411444,0.153535518073416,0.34954433441162108,23.64,85,1007,3.6,285
Karaikal,10.9204,79.8267,9.871247163334214,0,"{
  ""predicted_irrigation_need_probs"": [{
    ""label"": ""1"",
    ""prob"": ""0.001829856317636735""
  }, {
    ""label"": ""0"",
    ""prob"": ""0.99817014368236323""
  }]
}",0.0990464008040622,,,,27.03,80,1007,4.93,229
Ahmednagar,19.0833,74.7333,10.944865984208054,0,"{
  ""predicted_irrigation_need_probs"": [{
    ""label"": ""1"",
    ""prob"": ""0.00044877091087994452""
  }, {
    ""label"": ""0"",
    ""prob"": ""0.99955122908912009""
  }]
}",0.0370920273181532,0.18845949643147167,0.20214638834964205,0.44389513863457575,22.87,82,1008,4.57,260
Kullu,31.9579,77.1089,6.6169663325729875,0,"{
  ""predicted_irrigation_need_probs"": [{
    ""label"": ""1"",
    ""prob"": ""2.133842358460366e-05""
  }, {
    ""label"": ""0"",
    ""prob"": ""0.99997866157641535""
  }]
}",-0.15344787457668818,,,,16.14,100,1008,1.92,205
Solapur,17.6833,75.9167,9.4772951719901428,0,"{
  ""predicted_irrigation_need_probs"": [{
    ""label"": ""1"",
    ""prob"": ""0.002347119039760977""
  }, {
    ""label"": ""0"",
    ""prob"": ""0.99765288096023907""
  }]
}",0.063869654214513738,,,,25.4,76,1008,5.31,293
Erode,11.35,77.7333,9.1207214375488,0,"{
  ""predicted_irrigation_need_probs"": [{
    ""label"": ""1"",
    ""prob"": ""0.00055739214979204""
  }, {
    ""label"": ""0"",
    ""prob"": ""0.999442607850208""
  }]
}",0.0015093370076996043,,,,24.6,86,1009,4.59,247
Nashik,19.9833,73.8,8.23743285761497,0,"{
  ""predicted_irrigation_need_probs"": [{
    ""label"": ""1"",
    ""prob"": ""0.00022067945743031608""
  }, {
    ""label"": ""0"",
    ""prob"": ""0.99977932054256968""
  }]
}",-0.062381508294948082,,,,21.86,91,1009,3.36,248
Kupwara,34.0306,74.2642,6.2648582981532925,0,"{
  ""predicted_irrigation_need_probs"": [{
    ""label"": ""1"",
    ""prob"": ""8.684857419819713e-06""
  }, {
    ""label"": ""0"",
    ""prob"": ""0.99999131514258022""
  }]
}",-0.19048329672387676,0.32624930477117675,0.24675270920731157,0.36679534912109374,10.86,96,1009,2.18,206
Salem,11.65,78.1667,8.7695327864533379,0,"{
  ""predicted_irrigation_need_probs"": [{
    ""label"": ""1"",
    ""prob"": ""0.0017978560660876434""
  }, {
    ""label"": ""0"",
    ""prob"": ""0.99820214393391238""
  }]
}",-0.016351040136714998,0.16038239402864649,0.15637948190901596,0.2974989891052246,23.84,93,1009,1.48,216
Mandya,12.5242,76.8958,9.74004488043696,0,"{
  ""predicted_irrigation_need_probs"": [{
    ""label"": ""1"",
    ""prob"": ""0.0004192820553904645""
  }, {
    ""label"": ""0"",
    ""prob"": ""0.99958071794460956""
  }]
}",-0.049103014828980482,0.2848498905527449,0.29274771943517186,0.32422815958658852,21.51,89,1010,4.66,265
Palakkad,10.7833,76.65,8.6819978941728753,0,"{
  ""predicted_irrigation_need_probs"": [{
    ""label"": ""1"",
    ""prob"": ""0.00017771671399858247""
  }, {
    ""label"": ""0"",
    ""prob"": ""0.99982228328600142""
  }]
}",-0.072736437135513823,,,,23.4,95,1010,3.47,253
Tumakuru,13.3374,77.1021,8.0409382500208224,0,"{
  ""predicted_irrigation_need_probs"": [{
    ""label"": ""1"",
    ""prob"": ""0.00020105591655183652""
  }, {
    ""label"": ""0"",
    ""prob"": ""0.99979894408344816""
  }]
}",-0.093033683298197375,,,,20.96,90,1010,3.84,285